<annotation>
	<folder>allimgs</folder>
	<filename>activite10.png</filename>
	<path>F:\JEPH\Sign_language_data_jephte\IMG\allimgs\activite10.png</path>
	<source>
		<database>Unknown</database>
	</source>
	<size>
		<width>430</width>
		<height>322</height>
		<depth>3</depth>
	</size>
	<segmented>0</segmented>
	<object>
		<name>activite</name>
		<pose>Unspecified</pose>
		<truncated>1</truncated>
		<difficult>0</difficult>
		<bndbox>
			<xmin>66</xmin>
			<ymin>48</ymin>
			<xmax>430</xmax>
			<ymax>319</ymax>
		</bndbox>
	</object>
</annotation>
