<annotation>
	<folder>allimgs</folder>
	<filename>cava9.png</filename>
	<path>F:\JEPH\Sign_language_data_jephte\IMG\allimgs\cava9.png</path>
	<source>
		<database>Unknown</database>
	</source>
	<size>
		<width>430</width>
		<height>322</height>
		<depth>3</depth>
	</size>
	<segmented>0</segmented>
	<object>
		<name>cava</name>
		<pose>Unspecified</pose>
		<truncated>0</truncated>
		<difficult>0</difficult>
		<bndbox>
			<xmin>110</xmin>
			<ymin>89</ymin>
			<xmax>223</xmax>
			<ymax>277</ymax>
		</bndbox>
	</object>
</annotation>
